paramX1,paramX2
199.84,20.4856
199.14,20.48414545
199.96,20.48269091
200.14,20.48123636
199.94,20.4808
199.66,20.47973019
200.1,20.47820189
199.96,20.47667358
200.59,20.4754
199.73,20.47474848
200.61,20.47083939
200.98,20.4669303
200.27,20.46302121
200.01,20.4635
200.63,20.46801132
200.61,20.47283208
199.18,20.47765283
199,20.4842
200.06,20.49264
199.88,20.49796
199.31,20.50328
199.85,20.5086
200.01,20.51497736
